
--ADRESS commits--
INSERT INTO adress (adress_id, country, city, street, house) VALUES (1, 'Russia', 'Grozny', 'Socialisticheskaya', 15);
INSERT INTO adress (adress_id, country, city, street, house) VALUES (2, 'Russia', 'Novomoscovsc', 'Oktybrskaya', 30);
INSERT INTO adress (adress_id, country, city, street, house) VALUES (3, 'Russia', 'Saratov', 'Lesnaya', 16);
INSERT INTO adress (adress_id, country, city, street, house) VALUES (4, 'Russia', 'Shakhty', 'Solnechnaya', 2);
INSERT INTO adress (adress_id, country, city, street, house) VALUES (5, 'Russia', 'Arzamas', 'Zelenaya', 25);
INSERT INTO adress (adress_id, country, city, street, house) VALUES (6, 'Russia', 'Kovrov', 'Shkolnaya', 17);
INSERT INTO adress (adress_id, country, city, street, house) VALUES (7, 'Russia', 'Sergiev Posad', 'Ozernaya', 10);
INSERT INTO adress (adress_id, country, city, street, house) VALUES (8, 'Russia', 'Bratsk', 'Dzerzhinskogo', 14);
INSERT INTO adress (adress_id, country, city, street, house) VALUES (9, 'Russia', 'Nizhnekamsk', 'Maksima Gorkogo', 22);
INSERT INTO adress (adress_id, country, city, street, house) VALUES (10, 'Russia', 'Khabarovsk', 'Parkovaya', 6);
INSERT INTO adress (adress_id, country, city, street, house) VALUES (11, 'USA', 'Lake Abdullah', 'Mosciski Bridge Suite', 582);
INSERT INTO adress (adress_id, country, city, street, house) VALUES (12, 'USA', 'South Jeramy', 'Quitzon Villages', 8418);
INSERT INTO adress (adress_id, country, city, street, house) VALUES (13, 'USA', 'South Mikayla', 'Parker Circle', 6729);
INSERT INTO adress (adress_id, country, city, street, house) VALUES (14, 'Finland', 'Nuuttiniemi', 'Nikulakierros', 631);
INSERT INTO adress (adress_id, country, city, street, house) VALUES (15, 'Finland', 'Anttonsaari', 'Suomelarinne', 80);
INSERT INTO adress (adress_id, country, city, street, house) VALUES (16, 'Croatia', 'Klanjec', 'Blatna', 34);
INSERT INTO adress (adress_id, country, city, street, house) VALUES (17, 'Croatia', 'Dugo Selo', 'Dunavska', 55);
INSERT INTO adress (adress_id, country, city, street, house) VALUES (18, 'Croatia', 'Zabok', 'Silvija Strahimira Kranjčevića', 69);
INSERT INTO adress (adress_id, country, city, street, house) VALUES (19, 'Croatia', 'Velika Gorica', 'Velika Gorica', 68);
INSERT INTO adress (adress_id, country, city, street, house) VALUES (20, 'USA', 'Riceborough', 'Morissette Center Suite', 984);
INSERT INTO adress (adress_id, country, city, street, house) VALUES (21, 'USA', 'North Owenview', 'Dario Trace', 56424);
INSERT INTO adress (adress_id, country, city, street, house) VALUES (22, 'Finland', 'Länsi-Amandapudas', 'Virkkunenkuja', 10);
INSERT INTO adress (adress_id, country, city, street, house) VALUES (23, 'Finland', 'Uus-Atte', 'Isomäkikierros', 596);
INSERT INTO adress (adress_id, country, city, street, house) VALUES (24, 'Finland', 'Pohjois-Christalampi', 'Alajärvikierros', 338);
INSERT INTO adress (adress_id, country, city, street, house) VALUES (25, 'Finland', 'Uus-Anissa', 'Emmaliinakulma', 883);
---PERSONS COMMIT--
INSERT INTO persons (person_id, first_name, last_name, role, adress_id, gender) VALUES (1337, 'Valentina', 'Golubkina', 'student', 1, 'female');
INSERT INTO persons (person_id, first_name, last_name, role, adress_id, gender) VALUES (1338, 'Karina', 'Lapuhina', 'student', 2, 'female');
INSERT INTO persons (person_id, first_name, last_name, role, adress_id, gender) VALUES (1339, 'Inna', 'Hohlova', 'student', 3, 'female');
INSERT INTO persons (person_id, first_name, last_name, role, adress_id, gender) VALUES (1340, 'Alisa', 'Grabar', 'student', 4, 'female');
INSERT INTO persons (person_id, first_name, last_name, role, adress_id, gender) VALUES (1341, 'Zinaida', 'Fedoseeva', 'student', 5, 'female');
INSERT INTO persons (person_id, first_name, last_name, role, adress_id, gender) VALUES (1342, 'Gerasim', 'Zutskov', 'student', 6, 'male');
INSERT INTO persons (person_id, first_name, last_name, role, adress_id, gender) VALUES (1343, 'Kseniya', 'Assorova', 'student', 7, 'female');
INSERT INTO persons (person_id, first_name, last_name, role, adress_id, gender) VALUES (1344, 'Stepan', 'Vyazmitin', 'student', 8, 'male');
INSERT INTO persons (person_id, first_name, last_name, role, adress_id, gender) VALUES (1345, 'Ignat', 'Korshikov', 'student', 9, 'male');
INSERT INTO persons (person_id, first_name, last_name, role, adress_id, gender) VALUES (1346, 'Serafima', 'Kapilyshnaya', 'student', 10, 'female');
INSERT INTO persons (person_id, first_name, last_name, role, adress_id, gender) VALUES (1347, 'Candace', 'Witting', 'teacher', 11, 'female');
INSERT INTO persons (person_id, first_name, last_name, role, adress_id, gender) VALUES (1348, 'Dawson', 'Purdy', 'student', 12, 'male');
INSERT INTO persons (person_id, first_name, last_name, role, adress_id, gender) VALUES (1349, 'Annalise', 'Kerluke', 'student', 13, 'female');
INSERT INTO persons (person_id, first_name, last_name, role, adress_id, gender) VALUES (1350, 'Peetu', 'Honkanen', 'student', 14, 'male');
INSERT INTO persons (person_id, first_name, last_name, role, adress_id, gender) VALUES (1351, 'Isto', 'Mustaää', 'teacher', 15, 'male');
INSERT INTO persons (person_id, first_name, last_name, role, adress_id, gender) VALUES (1352, 'Lucija', 'Radić', 'student', 16, 'female');
INSERT INTO persons (person_id, first_name, last_name, role, adress_id, gender) VALUES (1353, 'Lana', 'Božić', 'teacher', 17, 'female');
INSERT INTO persons (person_id, first_name, last_name, role, adress_id, gender) VALUES (1354, 'Ela', 'Marić', 'student', 18, 'female');
INSERT INTO persons (person_id, first_name, last_name, role, adress_id, gender) VALUES (1355, 'Niko', 'Kovač', 'student', 19, 'male');
INSERT INTO persons (person_id, first_name, last_name, role, adress_id, gender) VALUES (1356, 'Clemmie', 'Lindgren', 'student', 20, 'male');
INSERT INTO persons (person_id, first_name, last_name, role, adress_id, gender) VALUES (1357, 'Cale', 'Heidenreich', 'student', 21, 'male');
INSERT INTO persons (person_id, first_name, last_name, role, adress_id, gender) VALUES (1358, 'Iina', 'Haapoja', 'student', 22, 'female');
INSERT INTO persons (person_id, first_name, last_name, role, adress_id, gender) VALUES (1359, 'Inna', 'Eronen', 'student', 23, 'female');
INSERT INTO persons (person_id, first_name, last_name, role, adress_id, gender) VALUES (1360, 'Peetu', 'Heikkinen', 'student', 24, 'male');
INSERT INTO persons (person_id, first_name, last_name, role, adress_id, gender) VALUES (1361, 'Sami', 'Akkanen', 'student', 25, 'male');
---CONTACTS COMMITS--
INSERT INTO contacts (contact_id, email, phone, persons_id) VALUES (100, 'valentina4557@rambler.ru', '+79383715010', 1);
INSERT INTO contacts (contact_id, email, phone, persons_id) VALUES (101, 'karina14091977@yandex.ru', '+7 (968) 108-99-82', 2);
INSERT INTO contacts (contact_id, email, phone, persons_id) VALUES (102, 'inna6846@hotmail.com', '+7 (995) 455-81-54', 3);
INSERT INTO contacts (contact_id, email, phone, persons_id) VALUES (103, 'alisa1978@mail.ru', '+7 (960) 306-27-96', 4);
INSERT INTO contacts (contact_id, email, phone, persons_id) VALUES (104, 'zinaida9575@gmail.com', '+7 (951) 489-41-88', 5);
INSERT INTO contacts (contact_id, email, phone, persons_id) VALUES (105, 'gerasim09061968@hotmail.com', '+7 (922) 772-59-32', 6);
INSERT INTO contacts (contact_id, email, phone, persons_id) VALUES (106, 'kseniya.assorova@rambler.ru', '+7 (963) 773-49-77', 7);
INSERT INTO contacts (contact_id, email, phone, persons_id) VALUES (107, 'stepan1977@ya.ru', '+7 (962) 202-46-69', 8);
INSERT INTO contacts (contact_id, email, phone, persons_id) VALUES (108, 'ignat.korshikov@outlook.com', '+7 (917) 833-41-50', 9);
INSERT INTO contacts (contact_id, email, phone, persons_id) VALUES (109, 'serafima1986@outlook.com', '+7 (955) 613-20-81', 10);
INSERT INTO contacts (contact_id, email, phone, persons_id) VALUES (110, 'gkautzer@gmail.com', '(410) 595-2391 x83895', 11);
INSERT INTO contacts (contact_id, email, phone, persons_id) VALUES (111, 'bryce79@hotmail.com', '1-751-900-5955 x3775', 12);
INSERT INTO contacts (contact_id, email, phone, persons_id) VALUES (112, 'astreich@gmail.com', '547.606.8150 x68435', 13);
INSERT INTO contacts (contact_id, email, phone, persons_id) VALUES (113, 'outi.jauhiainen@gmail.com', '044 2832925', 14);
INSERT INTO contacts (contact_id, email, phone, persons_id) VALUES (114, 'tanja.outinen@unhola.com', '+358 (44) 3525531', 15);
INSERT INTO contacts (contact_id, email, phone, persons_id) VALUES (115, 'srna.mila@modric.com', '+385 98 747 8278', 16);
INSERT INTO contacts (contact_id, email, phone, persons_id) VALUES (116, 'hana.filipovic@hotmail.com', '+385 95 002 2230', 17);
INSERT INTO contacts (contact_id, email, phone, persons_id) VALUES (117, 'patrik10@hotmail.com', '+385 99 581 3247', 18);
INSERT INTO contacts (contact_id, email, phone, persons_id) VALUES (118, 'cmatic@pavletic.biz', '+385 91 402 2299', 19);
INSERT INTO contacts (contact_id, email, phone, persons_id) VALUES (119, 'otis.goodwin@nader.com', '+385 35 402 1459', 20);
INSERT INTO contacts (contact_id, email, phone, persons_id) VALUES (120, 'danial26@yahoo.com', '+1-601-770-1946', 21);
INSERT INTO contacts (contact_id, email, phone, persons_id) VALUES (121, 'enni.kallio@samulin.info', '+358 16 3636619', 22);
INSERT INTO contacts (contact_id, email, phone, persons_id) VALUES (122, 'unto.paajanen@gmail.com', '+358 13 0951533', 23);
INSERT INTO contacts (contact_id, email, phone, persons_id) VALUES (123, 'tommi.saarenheimo@hanninen.com', '+358 8 9045513', 24);
INSERT INTO contacts (contact_id, email, phone, persons_id) VALUES (124, 'wryti@yrjola.org', '+358 (6) 3657925', 25);
---MATERIAL COMMITS---
INSERT INTO material (material_id, material_name, author, material_type, material_source) VALUES (1000, 'Тестирование dot COM', 'Роман Савин', 'book', 'https://www.academia.edu/40400984/%D0%A0%D0%BE%D0%BC%D0%B0%D0%BD_%D0%A1%D0%B0%D0%B2%D0%B8%D0%BD');
INSERT INTO material (material_id, material_name, author, material_type, material_source) VALUES (1001, 'Изучаем SQL', 'Алан Бьюли', 'book', 'https://www.pdfdrive.com/%D0%98%D0%B7%D1%83%D1%87%D0%B0%D0%B5%D0%BC-sql-e119776938.html');
INSERT INTO material (material_id, material_name, author, material_type, material_source) VALUES (1002, 'Bash-скрипты, руководство в 11 частях', 'Юрий Иовлев', 'book', 'https://ruvds.com/doc/bash.pdf');
INSERT INTO material (material_id, material_name, author, material_type, material_source) VALUES (1003, 'Bash. Карманный справочник системного администратора', 'Арнольд Роббинс', 'book', 'https://www.pdfdrive.com/bash-%D0%9A%D0%B0%D1%80%D0%BC%D0%B0%D0%BD%D0%BD%D1%8B%D0%B9-%D1%81%D0%BF%D1%80%D0%B0%D0%B2%D0%BE%D1%87%D0%BD%D0%B8%D0%BA-%D1%81%D0%B8%D1%81%D1%82%D0%B5%D0%BC%D0%BD%D0%BE%D0%B3%D0%BE-%D0%B0%D0%B4%D0%BC%D0%B8%D0%BD%D0%B8%D1%81%D1%82%D1%80%D0%B0%D1%82%D0%BE%D1%80%D0%B0-e191526469.html');
INSERT INTO material (material_id, material_name, author, material_type, material_source) VALUES (1004, 'Тестирование черного ящика', 'Борис Бейзер', 'book', 'https://fktpm.ru/file/117-boris-beizer-testirovanie-cernogo-yashhika.pdf');
INSERT INTO material (material_id, material_name, author, material_type, material_source) VALUES (1005, 'Введение в системы баз данных', 'Крис Дейт', 'book', 'https://ilshatpro.files.wordpress.com/2017/08/d0ba-d0b4d0b6-d0b4d0b5d0b9d182-d0b2d0b2d0b5d0b4d0b5d0bdd0b8d0b5-d0b2-d181d0b8d181d182d0b5d0bcd18b-d0b1d0b0d0b7-d0b4d0b0d0bdd0bdd18b.pdf');
INSERT INTO material (material_id, material_name, author, material_type, material_source) VALUES (1006, 'Библиотека тестировщика: обзор полезных книг по тестированию ПО', null, 'article', 'https://habr.com/ru/company/skillbox/blog/694548/');
INSERT INTO material (material_id, material_name, author, material_type, material_source) VALUES (1007, 'Рассеиваем туман. Инструменты и полезная литература для Junior QA', 'Софья Бреева', 'article', 'https://habr.com/ru/post/694696/');
INSERT INTO material (material_id, material_name, author, material_type, material_source) VALUES (1008, 'Будущее тестирования программного обеспечения', 'Angie Jones', 'article', 'https://angiejones.tech/the-future-of-software-testing/');
INSERT INTO material (material_id, material_name, author, material_type, material_source) VALUES (1009, 'Три желания с Волшебной Лампой Аладдина', 'Luke Liu', 'article', 'https://luke-yuliu.github.io/TestingWishes/');
INSERT INTO material (material_id, material_name, author, material_type, material_source) VALUES (1010, 'Книга Позитива', 'David Williams', 'article', 'https://thetestingmuse.uk/blog/personalised-book-of-positivity/');
INSERT INTO material (material_id, material_name, author, material_type, material_source) VALUES (1011, 'Хрустальный шар будущего - Автоматизация через десять лет', 'Richard Bradshaw', 'article', 'https://thefriendlytester.co.uk/2019/05/what-will-automation-look-like-in-ten-years');
INSERT INTO material (material_id, material_name, author, material_type, material_source) VALUES (1012, 'Состояние автоматизированного тестирования: 7 Ключевых тенденции для наблюдения', 'Joe Colantonio', 'article', 'https://techbeacon.com/app-dev-testing/state-test-automation-7-key-trends-watch');
INSERT INTO material (material_id, material_name, author, material_type, material_source) VALUES (1013, 'Каково будущее тестирования программного обеспечения?', 'Grace Barnott', 'article', 'https://softwaretesting.news/what-does-the-future-of-software-testing-hold/');
INSERT INTO material (material_id, material_name, author, material_type, material_source) VALUES (1014, 'Впервые на проекте: как не потерять себя, или записки юного тестировщика', 'Наталья Скоробогатова', 'article', 'https://habr.com/ru/company/usetech/blog/689382/');
INSERT INTO material (material_id, material_name, author, material_type, material_source) VALUES (1015, 'Таблица как инструмент тестирования нуждается в вас', 'Kate Falanga', 'article', 'https://medium.com/@Squidish_QA/the-testing-tool-spreadsheet-needs-you-a87cf6fb2a7');
---LESSONS COMMITS---
INSERT INTO lessons (lesson_id, lesson_name, time) VALUES (1, 'О тестировании и о курсе', 360);
INSERT INTO lessons (lesson_id, lesson_name, time) VALUES (2, 'SQL part 1', 400);
INSERT INTO lessons (lesson_id, lesson_name, time) VALUES (3, 'SQL part 2', 380);
INSERT INTO lessons (lesson_id, lesson_name, time) VALUES (4, 'SQL part 3', 410);
INSERT INTO lessons (lesson_id, lesson_name, time) VALUES (5, 'SQL part 4', 390);
INSERT INTO lessons (lesson_id, lesson_name, time) VALUES (6, 'Работа с репозиторием', 410);
INSERT INTO lessons (lesson_id, lesson_name, time) VALUES (7, 'Linux cook book', 400);
INSERT INTO lessons (lesson_id, lesson_name, time) VALUES (8, 'Sed,grep,awk', 360);
INSERT INTO lessons (lesson_id, lesson_name, time) VALUES (9, 'Передача данных', 360);
INSERT INTO lessons (lesson_id, lesson_name, time) VALUES (10, 'Http', 450);
INSERT INTO lessons (lesson_id, lesson_name, time) VALUES (11, 'Теория тестирования 1', 500);
INSERT INTO lessons (lesson_id, lesson_name, time) VALUES (12, 'Теория тестирования 2', 500);
INSERT INTO lessons (lesson_id, lesson_name, time) VALUES (13, 'Как тестировать SAAS', 450);
----PERSONS_LESSONS COMMITS---
INSERT INTO person_lesson (person_id, lesson_id) VALUES (1337, 1);
INSERT INTO person_lesson (person_id, lesson_id) VALUES (1337, 2);
INSERT INTO person_lesson (person_id, lesson_id) VALUES (1337, 3);
INSERT INTO person_lesson (person_id, lesson_id) VALUES (1337, 4);
INSERT INTO person_lesson (person_id, lesson_id) VALUES (1338, 1);
INSERT INTO person_lesson (person_id, lesson_id) VALUES (1338, 2);
INSERT INTO person_lesson (person_id, lesson_id) VALUES (1338, 4);
INSERT INTO person_lesson (person_id, lesson_id) VALUES (1338, 10);
INSERT INTO person_lesson (person_id, lesson_id) VALUES (1338, 12);
INSERT INTO person_lesson (person_id, lesson_id) VALUES (1338, 13);
INSERT INTO person_lesson (person_id, lesson_id) VALUES (1339, 2);
INSERT INTO person_lesson (person_id, lesson_id) VALUES (1339, 3);
INSERT INTO person_lesson (person_id, lesson_id) VALUES (1339, 4);
INSERT INTO person_lesson (person_id, lesson_id) VALUES (1339, 6);
INSERT INTO person_lesson (person_id, lesson_id) VALUES (1339, 8);
INSERT INTO person_lesson (person_id, lesson_id) VALUES (1339, 10);
INSERT INTO person_lesson (person_id, lesson_id) VALUES (1339, 11);
INSERT INTO person_lesson (person_id, lesson_id) VALUES (1339, 13);
INSERT INTO person_lesson (person_id, lesson_id) VALUES (1340, 1);
INSERT INTO person_lesson (person_id, lesson_id) VALUES (1340, 2);
INSERT INTO person_lesson (person_id, lesson_id) VALUES (1340, 3);
INSERT INTO person_lesson (person_id, lesson_id) VALUES (1340, 4);
INSERT INTO person_lesson (person_id, lesson_id) VALUES (1340, 5);
INSERT INTO person_lesson (person_id, lesson_id) VALUES (1340, 6);
INSERT INTO person_lesson (person_id, lesson_id) VALUES (1340, 7);
INSERT INTO person_lesson (person_id, lesson_id) VALUES (1340, 8);
INSERT INTO person_lesson (person_id, lesson_id) VALUES (1341, 1);
INSERT INTO person_lesson (person_id, lesson_id) VALUES (1341, 2);
INSERT INTO person_lesson (person_id, lesson_id) VALUES (1341, 3);
INSERT INTO person_lesson (person_id, lesson_id) VALUES (1341, 8);
INSERT INTO person_lesson (person_id, lesson_id) VALUES (1341, 9);
INSERT INTO person_lesson (person_id, lesson_id) VALUES (1341, 12);
INSERT INTO person_lesson (person_id, lesson_id) VALUES (1341, 13);
INSERT INTO person_lesson (person_id, lesson_id) VALUES (1342, 1);
INSERT INTO person_lesson (person_id, lesson_id) VALUES (1342, 2);
INSERT INTO person_lesson (person_id, lesson_id) VALUES (1342, 3);
INSERT INTO person_lesson (person_id, lesson_id) VALUES (1342, 4);
INSERT INTO person_lesson (person_id, lesson_id) VALUES (1342, 5);
INSERT INTO person_lesson (person_id, lesson_id) VALUES (1342, 7);
INSERT INTO person_lesson (person_id, lesson_id) VALUES (1342, 8);
INSERT INTO person_lesson (person_id, lesson_id) VALUES (1342, 13);
INSERT INTO person_lesson (person_id, lesson_id) VALUES (1343, 4);
INSERT INTO person_lesson (person_id, lesson_id) VALUES (1343, 5);
INSERT INTO person_lesson (person_id, lesson_id) VALUES (1343, 6);
INSERT INTO person_lesson (person_id, lesson_id) VALUES (1343, 7);
INSERT INTO person_lesson (person_id, lesson_id) VALUES (1343, 8);
INSERT INTO person_lesson (person_id, lesson_id) VALUES (1343, 9);
INSERT INTO person_lesson (person_id, lesson_id) VALUES (1343, 10);
INSERT INTO person_lesson (person_id, lesson_id) VALUES (1343, 11);
INSERT INTO person_lesson (person_id, lesson_id) VALUES (1344, 1);
INSERT INTO person_lesson (person_id, lesson_id) VALUES (1344, 2);
INSERT INTO person_lesson (person_id, lesson_id) VALUES (1344, 3);
INSERT INTO person_lesson (person_id, lesson_id) VALUES (1344, 4);
INSERT INTO person_lesson (person_id, lesson_id) VALUES (1344, 5);
INSERT INTO person_lesson (person_id, lesson_id) VALUES (1344, 6);
INSERT INTO person_lesson (person_id, lesson_id) VALUES (1344, 7);
INSERT INTO person_lesson (person_id, lesson_id) VALUES (1344, 8);
INSERT INTO person_lesson (person_id, lesson_id) VALUES (1344, 12);
INSERT INTO person_lesson (person_id, lesson_id) VALUES (1344, 13);
INSERT INTO person_lesson (person_id, lesson_id) VALUES (1345, 1);
INSERT INTO person_lesson (person_id, lesson_id) VALUES (1345, 2);
INSERT INTO person_lesson (person_id, lesson_id) VALUES (1345, 3);
INSERT INTO person_lesson (person_id, lesson_id) VALUES (1345, 4);
INSERT INTO person_lesson (person_id, lesson_id) VALUES (1345, 5);
INSERT INTO person_lesson (person_id, lesson_id) VALUES (1345, 6);
INSERT INTO person_lesson (person_id, lesson_id) VALUES (1345, 11);
INSERT INTO person_lesson (person_id, lesson_id) VALUES (1345, 12);
INSERT INTO person_lesson (person_id, lesson_id) VALUES (1345, 13);
INSERT INTO person_lesson (person_id, lesson_id) VALUES (1346, 2);
INSERT INTO person_lesson (person_id, lesson_id) VALUES (1346, 3);
INSERT INTO person_lesson (person_id, lesson_id) VALUES (1346, 4);
INSERT INTO person_lesson (person_id, lesson_id) VALUES (1346, 6);
INSERT INTO person_lesson (person_id, lesson_id) VALUES (1346, 7);
INSERT INTO person_lesson (person_id, lesson_id) VALUES (1346, 9);
INSERT INTO person_lesson (person_id, lesson_id) VALUES (1346, 11);
INSERT INTO person_lesson (person_id, lesson_id) VALUES (1346, 13);
INSERT INTO person_lesson (person_id, lesson_id) VALUES (1347, 1);
INSERT INTO person_lesson (person_id, lesson_id) VALUES (1347, 2);
INSERT INTO person_lesson (person_id, lesson_id) VALUES (1347, 3);
INSERT INTO person_lesson (person_id, lesson_id) VALUES (1347, 4);
INSERT INTO person_lesson (person_id, lesson_id) VALUES (1347, 5);
INSERT INTO person_lesson (person_id, lesson_id) VALUES (1347, 6);
INSERT INTO person_lesson (person_id, lesson_id) VALUES (1347, 7);
INSERT INTO person_lesson (person_id, lesson_id) VALUES (1347, 8);
INSERT INTO person_lesson (person_id, lesson_id) VALUES (1347, 9);
INSERT INTO person_lesson (person_id, lesson_id) VALUES (1347, 10);
INSERT INTO person_lesson (person_id, lesson_id) VALUES (1347, 11);
INSERT INTO person_lesson (person_id, lesson_id) VALUES (1347, 12);
INSERT INTO person_lesson (person_id, lesson_id) VALUES (1347, 13);
INSERT INTO person_lesson (person_id, lesson_id) VALUES (1348, 1);
INSERT INTO person_lesson (person_id, lesson_id) VALUES (1348, 2);
INSERT INTO person_lesson (person_id, lesson_id) VALUES (1348, 3);
INSERT INTO person_lesson (person_id, lesson_id) VALUES (1348, 5);
INSERT INTO person_lesson (person_id, lesson_id) VALUES (1348, 7);
INSERT INTO person_lesson (person_id, lesson_id) VALUES (1348, 9);
INSERT INTO person_lesson (person_id, lesson_id) VALUES (1348, 12);
INSERT INTO person_lesson (person_id, lesson_id) VALUES (1349, 1);
INSERT INTO person_lesson (person_id, lesson_id) VALUES (1349, 3);
INSERT INTO person_lesson (person_id, lesson_id) VALUES (1349, 5);
INSERT INTO person_lesson (person_id, lesson_id) VALUES (1349, 7);
INSERT INTO person_lesson (person_id, lesson_id) VALUES (1349, 9);
INSERT INTO person_lesson (person_id, lesson_id) VALUES (1349, 12);
INSERT INTO person_lesson (person_id, lesson_id) VALUES (1349, 13);
INSERT INTO person_lesson (person_id, lesson_id) VALUES (1350, 5);
INSERT INTO person_lesson (person_id, lesson_id) VALUES (1350, 6);
INSERT INTO person_lesson (person_id, lesson_id) VALUES (1350, 7);
INSERT INTO person_lesson (person_id, lesson_id) VALUES (1350, 8);
INSERT INTO person_lesson (person_id, lesson_id) VALUES (1350, 9);
INSERT INTO person_lesson (person_id, lesson_id) VALUES (1350, 10);
INSERT INTO person_lesson (person_id, lesson_id) VALUES (1351, 1);
INSERT INTO person_lesson (person_id, lesson_id) VALUES (1351, 2);
INSERT INTO person_lesson (person_id, lesson_id) VALUES (1351, 3);
INSERT INTO person_lesson (person_id, lesson_id) VALUES (1351, 4);
INSERT INTO person_lesson (person_id, lesson_id) VALUES (1351, 5);
INSERT INTO person_lesson (person_id, lesson_id) VALUES (1351, 6);
INSERT INTO person_lesson (person_id, lesson_id) VALUES (1351, 7);
INSERT INTO person_lesson (person_id, lesson_id) VALUES (1351, 8);
INSERT INTO person_lesson (person_id, lesson_id) VALUES (1351, 9);
INSERT INTO person_lesson (person_id, lesson_id) VALUES (1351, 10);
INSERT INTO person_lesson (person_id, lesson_id) VALUES (1351, 11);
INSERT INTO person_lesson (person_id, lesson_id) VALUES (1351, 12);
INSERT INTO person_lesson (person_id, lesson_id) VALUES (1351, 13);
INSERT INTO person_lesson (person_id, lesson_id) VALUES (1352, 2);
INSERT INTO person_lesson (person_id, lesson_id) VALUES (1352, 4);
INSERT INTO person_lesson (person_id, lesson_id) VALUES (1352, 6);
INSERT INTO person_lesson (person_id, lesson_id) VALUES (1352, 8);
INSERT INTO person_lesson (person_id, lesson_id) VALUES (1352, 10);
INSERT INTO person_lesson (person_id, lesson_id) VALUES (1352, 12);
INSERT INTO person_lesson (person_id, lesson_id) VALUES (1352, 13);
INSERT INTO person_lesson (person_id, lesson_id) VALUES (1353, 1);
INSERT INTO person_lesson (person_id, lesson_id) VALUES (1353, 2);
INSERT INTO person_lesson (person_id, lesson_id) VALUES (1353, 3);
INSERT INTO person_lesson (person_id, lesson_id) VALUES (1353, 4);
INSERT INTO person_lesson (person_id, lesson_id) VALUES (1353, 5);
INSERT INTO person_lesson (person_id, lesson_id) VALUES (1353, 6);
INSERT INTO person_lesson (person_id, lesson_id) VALUES (1353, 7);
INSERT INTO person_lesson (person_id, lesson_id) VALUES (1353, 8);
INSERT INTO person_lesson (person_id, lesson_id) VALUES (1353, 9);
INSERT INTO person_lesson (person_id, lesson_id) VALUES (1353, 10);
INSERT INTO person_lesson (person_id, lesson_id) VALUES (1353, 11);
INSERT INTO person_lesson (person_id, lesson_id) VALUES (1353, 12);
INSERT INTO person_lesson (person_id, lesson_id) VALUES (1353, 13);
INSERT INTO person_lesson (person_id, lesson_id) VALUES (1354, 1);
INSERT INTO person_lesson (person_id, lesson_id) VALUES (1354, 4);
INSERT INTO person_lesson (person_id, lesson_id) VALUES (1354, 5);
INSERT INTO person_lesson (person_id, lesson_id) VALUES (1354, 6);
INSERT INTO person_lesson (person_id, lesson_id) VALUES (1354, 8);
INSERT INTO person_lesson (person_id, lesson_id) VALUES (1354, 9);
INSERT INTO person_lesson (person_id, lesson_id) VALUES (1354, 10);
INSERT INTO person_lesson (person_id, lesson_id) VALUES (1354, 13);
INSERT INTO person_lesson (person_id, lesson_id) VALUES (1355, 1);
INSERT INTO person_lesson (person_id, lesson_id) VALUES (1355, 4);
INSERT INTO person_lesson (person_id, lesson_id) VALUES (1355, 7);
INSERT INTO person_lesson (person_id, lesson_id) VALUES (1355, 9);
INSERT INTO person_lesson (person_id, lesson_id) VALUES (1355, 10);
INSERT INTO person_lesson (person_id, lesson_id) VALUES (1355, 13);
INSERT INTO person_lesson (person_id, lesson_id) VALUES (1356, 1);
INSERT INTO person_lesson (person_id, lesson_id) VALUES (1356, 2);
INSERT INTO person_lesson (person_id, lesson_id) VALUES (1356, 4);
INSERT INTO person_lesson (person_id, lesson_id) VALUES (1356, 7);
INSERT INTO person_lesson (person_id, lesson_id) VALUES (1356, 8);
INSERT INTO person_lesson (person_id, lesson_id) VALUES (1356, 9);
INSERT INTO person_lesson (person_id, lesson_id) VALUES (1356, 12);
INSERT INTO person_lesson (person_id, lesson_id) VALUES (1356, 13);
INSERT INTO person_lesson (person_id, lesson_id) VALUES (1357, 1);
INSERT INTO person_lesson (person_id, lesson_id) VALUES (1357, 2);
INSERT INTO person_lesson (person_id, lesson_id) VALUES (1357, 5);
INSERT INTO person_lesson (person_id, lesson_id) VALUES (1357, 6);
INSERT INTO person_lesson (person_id, lesson_id) VALUES (1357, 8);
INSERT INTO person_lesson (person_id, lesson_id) VALUES (1357, 9);
INSERT INTO person_lesson (person_id, lesson_id) VALUES (1357, 12);
INSERT INTO person_lesson (person_id, lesson_id) VALUES (1357, 13);
INSERT INTO person_lesson (person_id, lesson_id) VALUES (1358, 4);
INSERT INTO person_lesson (person_id, lesson_id) VALUES (1358, 5);
INSERT INTO person_lesson (person_id, lesson_id) VALUES (1358, 9);
INSERT INTO person_lesson (person_id, lesson_id) VALUES (1358, 10);
INSERT INTO person_lesson (person_id, lesson_id) VALUES (1358, 13);
INSERT INTO person_lesson (person_id, lesson_id) VALUES (1359, 1);
INSERT INTO person_lesson (person_id, lesson_id) VALUES (1359, 6);
INSERT INTO person_lesson (person_id, lesson_id) VALUES (1359, 10);
INSERT INTO person_lesson (person_id, lesson_id) VALUES (1359, 13);
INSERT INTO person_lesson (person_id, lesson_id) VALUES (1360, 3);
INSERT INTO person_lesson (person_id, lesson_id) VALUES (1360, 4);
INSERT INTO person_lesson (person_id, lesson_id) VALUES (1360, 6);
INSERT INTO person_lesson (person_id, lesson_id) VALUES (1360, 7);
INSERT INTO person_lesson (person_id, lesson_id) VALUES (1360, 10);
INSERT INTO person_lesson (person_id, lesson_id) VALUES (1360, 13);
INSERT INTO person_lesson (person_id, lesson_id) VALUES (1361, 5);
INSERT INTO person_lesson (person_id, lesson_id) VALUES (1361, 6);
INSERT INTO person_lesson (person_id, lesson_id) VALUES (1361, 7);
INSERT INTO person_lesson (person_id, lesson_id) VALUES (1361, 9);
INSERT INTO person_lesson (person_id, lesson_id) VALUES (1361, 10);
INSERT INTO person_lesson (person_id, lesson_id) VALUES (1361, 11);
INSERT INTO person_lesson (person_id, lesson_id) VALUES (1361, 12);
INSERT INTO person_lesson (person_id, lesson_id) VALUES (1361, 13);
---MATERIAL_LESSONS---
INSERT INTO material_lesson (material_id, lesson_id) VALUES (1000, 1);
INSERT INTO material_lesson (material_id, lesson_id) VALUES (1001, 1);
INSERT INTO material_lesson (material_id, lesson_id) VALUES (1001, 2);
INSERT INTO material_lesson (material_id, lesson_id) VALUES (1002, 3);
INSERT INTO material_lesson (material_id, lesson_id) VALUES (1002, 4);
INSERT INTO material_lesson (material_id, lesson_id) VALUES (1002, 5);
INSERT INTO material_lesson (material_id, lesson_id) VALUES (1003, 6);
INSERT INTO material_lesson (material_id, lesson_id) VALUES (1004, 7);
INSERT INTO material_lesson (material_id, lesson_id) VALUES (1005, 8);
INSERT INTO material_lesson (material_id, lesson_id) VALUES (1006, 9);
INSERT INTO material_lesson (material_id, lesson_id) VALUES (1007, 10);
INSERT INTO material_lesson (material_id, lesson_id) VALUES (1008, 11);
INSERT INTO material_lesson (material_id, lesson_id) VALUES (1009, 12);
INSERT INTO material_lesson (material_id, lesson_id) VALUES (1009, 10);
INSERT INTO material_lesson (material_id, lesson_id) VALUES (1010, 10);
INSERT INTO material_lesson (material_id, lesson_id) VALUES (1010, 11);
INSERT INTO material_lesson (material_id, lesson_id) VALUES (1010, 12);
INSERT INTO material_lesson (material_id, lesson_id) VALUES (1011, 11);
INSERT INTO material_lesson (material_id, lesson_id) VALUES (1011, 12);
INSERT INTO material_lesson (material_id, lesson_id) VALUES (1011, 13);
INSERT INTO material_lesson (material_id, lesson_id) VALUES (1012, 9);
INSERT INTO material_lesson (material_id, lesson_id) VALUES (1012, 10);
INSERT INTO material_lesson (material_id, lesson_id) VALUES (1012, 11);
INSERT INTO material_lesson (material_id, lesson_id) VALUES (1013, 5);
INSERT INTO material_lesson (material_id, lesson_id) VALUES (1013, 6);
INSERT INTO material_lesson (material_id, lesson_id) VALUES (1013, 7);
INSERT INTO material_lesson (material_id, lesson_id) VALUES (1014, 3);
INSERT INTO material_lesson (material_id, lesson_id) VALUES (1014, 4);
INSERT INTO material_lesson (material_id, lesson_id) VALUES (1014, 5);
INSERT INTO material_lesson (material_id, lesson_id) VALUES (1015, 6);
INSERT INTO material_lesson (material_id, lesson_id) VALUES (1015, 7);
INSERT INTO material_lesson (material_id, lesson_id) VALUES (1015, 8);
---SCHEDULE COMMITS---
INSERT INTO schedule (schedule_id, date_time, lesson_id) VALUES (900, '2022-10-01 12:00', 1);
INSERT INTO schedule (schedule_id, date_time, lesson_id) VALUES (901, '2022-10-02 13:00', 2);
INSERT INTO schedule (schedule_id, date_time, lesson_id) VALUES (902, '2022-10-03 09:00', 3);
INSERT INTO schedule (schedule_id, date_time, lesson_id) VALUES (903, '2022-10-04 10:00', 4);
INSERT INTO schedule (schedule_id, date_time, lesson_id) VALUES (904, '2022-10-05 15:00', 5);
INSERT INTO schedule (schedule_id, date_time, lesson_id) VALUES (905, '2022-10-06 14:00', 6);
INSERT INTO schedule (schedule_id, date_time, lesson_id) VALUES (906, '2022-10-07 08:00', 7);
INSERT INTO schedule (schedule_id, date_time, lesson_id) VALUES (907, '2022-10-08 18:00', 8);
INSERT INTO schedule (schedule_id, date_time, lesson_id) VALUES (908, '2022-10-09 11:00', 9);
INSERT INTO schedule (schedule_id, date_time, lesson_id) VALUES (909, '2022-10-10 11:00', 10);
INSERT INTO schedule (schedule_id, date_time, lesson_id) VALUES (910, '2022-10-11 09:00', 11);
INSERT INTO schedule (schedule_id, date_time, lesson_id) VALUES (911, '2022-10-12 10:00', 12);
INSERT INTO schedule (schedule_id, date_time, lesson_id) VALUES (912, '2022-10-13 13:00', 13);